{
  "project_info": {
    "project_number": "155866762538",
    "firebase_url": "https://hometution-a1e97.firebaseio.com",
    "project_id": "hometution-a1e97",
    "storage_bucket": "hometution-a1e97.appspot.com"
  },
  "client": [
    {
      "client_info": {
        "mobilesdk_app_id": "1:155866762538:android:ff7851b9a872c414",
        "android_client_info": {
          "package_name": "com.example.shahnawazshaikh.institutetest"
        }
      },
      "oauth_client": [
        {
          "client_id": "155866762538-vs1qt6bk2bd1po3cd4odjm22knmgjq3e.apps.googleusercontent.com",
          "client_type": 1,
          "android_info": {
            "package_name": "com.example.shahnawazshaikh.institutetest",
            "certificate_hash": "3011fe9e0206d031e27e944fb7f7ce4d7d3bcd6a"
          }
        },
        {
          "client_id": "155866762538-0lsqhte7hu2cedfrgh2b30ljj0j53phv.apps.googleusercontent.com",
          "client_type": 3
        }
      ],
      "api_key": [
        {
          "current_key": "AIzaSyB_Jc_juXBgrXNXFTpxaVUdUaPdraJ27Ik"
        }
      ],
      "services": {
        "appinvite_service": {
          "other_platform_oauth_client": [
            {
              "client_id": "155866762538-0lsqhte7hu2cedfrgh2b30ljj0j53phv.apps.googleusercontent.com",
              "client_type": 3
            }
          ]
        }
      }
    }
  ],
  "configuration_version": "1"
}